{"action": "HOLD", "volume": 0.0, "stop_loss": null, "take_profit": null, "timestamp": "2025-08-25T07:16:36.964813+00:00", "leverage": 5.0, "var": 5.764464858226681e-05, "indicators": {"atr": 4444.860000000001, "twap": 112017.11508474576, "exchange_flow": 0.0, "cumulative_delta": 0.0, "sma_20": 112077.58800000002, "tenkan": 112902.43, "kijun": 112902.43, "psar": 110680.0, "kelt_upper": 120962.2276591967, "kelt_lower": 103182.78765919669, "cci": -53.475524811226684, "fib_618": 113426.92348, "microprice": 0.0, "iceberg_detected": false, "toxicity": 3.411000000000058, "entropy_regime": "chaotic"}}