{"action": "HOLD", "volume": 0.0, "stop_loss": null, "take_profit": null, "timestamp": "2025-08-25T07:17:05.083298+00:00", "leverage": 5.0, "var": 8.936548900884134e-08, "indicators": {"atr": 4444.860000000001, "twap": 112021.1563076923, "exchange_flow": 0.0, "cumulative_delta": 0.0, "sma_20": 112078.73900000002, "tenkan": 112902.43, "kijun": 112902.43, "psar": 110680.0, "kelt_upper": 120956.98485905658, "kelt_lower": 103177.54485905658, "cci": -60.6245871098626, "fib_618": 113426.92348, "microprice": 0.0, "iceberg_detected": false, "toxicity": 0.000999999999476131, "entropy_regime": "chaotic"}}