{"action": "HOLD", "volume": 0.0, "stop_loss": null, "take_profit": null, "timestamp": "2025-08-25T07:17:30.000622+00:00", "leverage": 5.0, "var": 9.138756941640125e-05, "indicators": {"atr": 4444.860000000001, "twap": 112022.28941176471, "exchange_flow": 0.0, "cumulative_delta": 0.0, "sma_20": 112072.771, "tenkan": 112902.43, "kijun": 112902.43, "psar": 110680.0, "kelt_upper": 120951.59730356, "kelt_lower": 103172.15730356, "cci": -104.78959556806133, "fib_618": 113426.92348, "microprice": 0.0, "iceberg_detected": false, "toxicity": 2.088999999999942, "entropy_regime": "chaotic"}}