{"action": "HOLD", "volume": 0.0, "stop_loss": null, "take_profit": null, "timestamp": "2025-08-25T07:39:00.625834+00:00", "leverage": 5.0, "var": 0.00012539858837012918, "indicators": {"atr": 4380.990000000005, "twap": 111927.20298113207, "exchange_flow": 0.0, "cumulative_delta": 0.0, "sma_20": 111724.094, "tenkan": 112870.495, "kijun": 112870.495, "psar": 110680.0, "kelt_upper": 120485.94454382808, "kelt_lower": 102961.98454382806, "cci": -16.893983383787912, "fib_618": 113387.45182, "microprice": 0.0, "iceberg_detected": false, "toxicity": 6.134999999999127, "entropy_regime": "chaotic"}}